name,url,validation_status,frequency_status,country,timezone_gmt
All About Security,https://www.all-about-security.de/feed/,OK 200 RSS/Atom,Actualizada: última noticia 2026-05-05 (hace 0 días),Alemania,GMT+1
BASIC thinking,https://www.basicthinking.de/blog/feed/,OK 200 RSS/Atom,Actualizada: última noticia 2026-05-05 (hace 0 días),Alemania,GMT+1
BigData Insider,https://www.bigdata-insider.de/rss.xml,OK 200 RSS/Atom,Actualizada: última noticia 2026-05-05 (hace 0 días),Alemania,GMT+1
Borncity,https://www.borncity.com/blog/feed/,OK 200 RSS/Atom,Actualizada: última noticia 2026-05-05 (hace 0 días),Alemania,GMT+1
Borncity Windows,https://www.borncity.com/blog/category/windows/feed/,OK 200 RSS/Atom,Actualizada: última noticia 2026-05-05 (hace 0 días),Alemania,GMT+1
CHIP,https://www.chip.de/rss/rss_topnews.xml,OK 200 RSS/Atom,Actualizada: última noticia 2026-05-05 (hace 0 días),Alemania,GMT+1
CHIP Downloads,https://www.chip.de/rss/rss_downloads.xml,OK 200 RSS/Atom,Actualizada: última noticia 2026-05-05 (hace 0 días),Alemania,GMT+1
Caschys Blog,https://stadt-bremerhaven.de/feed/,OK 200 RSS/Atom,Actualizada: última noticia 2026-05-05 (hace 0 días),Alemania,GMT+1
CloudComputing Insider,https://www.cloudcomputing-insider.de/rss.xml,OK 200 RSS/Atom,Actualizada: última noticia 2026-05-05 (hace 0 días),Alemania,GMT+1
ComputerBase,https://www.computerbase.de/rss/news.xml,OK 200 RSS/Atom,Actualizada: última noticia 2026-05-05 (hace 0 días),Alemania,GMT+1
ComputerBase Downloads,https://www.computerbase.de/rss/downloads.xml,Funciona,Actualizada: última noticia 2026-05-05 (hace 0 días),Alemania,GMT+1
Computerwoche,https://www.computerwoche.de/feed/,OK 200 RSS/Atom,Actualizada: última noticia 2026-05-05 (hace 0 días),Alemania,GMT+1
Datacenter Insider,https://www.datacenter-insider.de/rss.xml,OK 200 RSS/Atom,Actualizada: última noticia 2026-05-05 (hace 0 días),Alemania,GMT+1
Deskmodder,https://www.deskmodder.de/blog/feed/,OK 200 RSS/Atom,Actualizada: última noticia 2026-05-05 (hace 0 días),Alemania,GMT+1
Deskmodder Windows,https://www.deskmodder.de/blog/category/windows-11/feed/,OK 200 RSS/Atom,Actualizada: última noticia 2026-05-05 (hace 0 días),Alemania,GMT+1
Dev Insider,https://www.dev-insider.de/rss.xml,OK 200 RSS/Atom,Actualizada: última noticia 2026-05-05 (hace 0 días),Alemania,GMT+1
Dr Windows,https://www.drwindows.de/news/feed,OK 200 RSS/Atom,Actualizada: última noticia 2026-05-05 (hace 0 días),Alemania,GMT+1
Elektronikpraxis,https://www.elektronikpraxis.de/rss.xml,Funciona,Actualizada: última noticia 2026-05-05 (hace 0 días),Alemania,GMT+1
Golem,https://rss.golem.de/rss.php?feed=RSS2.0,OK 200 RSS/Atom,Actualizada: última noticia 2026-05-05 (hace 0 días),Alemania,GMT+1
Golem Cloud,https://rss.golem.de/rss.php?feed=RSS2.0&ms=cloud,Funciona,Actualizada: última noticia 2026-05-05 (hace 0 días),Alemania,GMT+1
Golem KI,https://rss.golem.de/rss.php?feed=RSS2.0&ms=ki,Funciona,Actualizada: última noticia 2026-05-05 (hace 0 días),Alemania,GMT+1
Golem Open Source,https://rss.golem.de/rss.php?feed=ATOM1.0&ms=opensource,OK 200 RSS/Atom,Actualizada: última noticia 2026-05-05 (hace 0 días),Alemania,GMT+1
Golem Security,https://rss.golem.de/rss.php?feed=ATOM1.0&ms=security,OK 200 RSS/Atom,Actualizada: última noticia 2026-05-05 (hace 0 días),Alemania,GMT+1
Golem Security,https://rss.golem.de/rss.php?feed=RSS2.0&ms=security,Funciona,Actualizada: última noticia 2026-05-05 (hace 0 días),Alemania,GMT+1
Golem Software,https://rss.golem.de/rss.php?feed=ATOM1.0&ms=software,OK 200 RSS/Atom,Actualizada: última noticia 2026-05-05 (hace 0 días),Alemania,GMT+1
Gründerszene,https://www.businessinsider.de/gruenderszene/feed/,OK 200 RSS/Atom,Actualizada: última noticia 2026-05-05 (hace 0 días),Alemania,GMT+1
Heise Autos,https://www.heise.de/autos/rss/news-atom.xml,OK 200 RSS/Atom,Actualizada: última noticia 2026-05-05 (hace 0 días),Alemania,GMT+1
Heise Developer,https://www.heise.de/developer/rss/news-atom.xml,OK 200 RSS/Atom,Actualizada: última noticia 2026-05-05 (hace 0 días),Alemania,GMT+1
Heise Newsticker,https://www.heise.de/newsticker/heise-atom.xml,Funciona,Actualizada: última noticia 2026-05-05 (hace 0 días),Alemania,GMT+1
Heise Security,https://www.heise.de/security/rss/news-atom.xml,OK 200 RSS/Atom,Actualizada: última noticia 2026-05-05 (hace 0 días),Alemania,GMT+1
IT Administrator,https://www.it-administrator.de/rss.xml,Funciona,Actualizada: última noticia 2026-05-05 (hace 0 días),Alemania,GMT+1
IT Daily,https://www.it-daily.net/feed,OK 200 RSS/Atom,Actualizada: última noticia 2026-05-05 (hace 0 días),Alemania,GMT+1
IT Finanzmagazin,https://www.it-finanzmagazin.de/feed,OK 200 RSS/Atom,Actualizada: última noticia 2026-05-05 (hace 0 días),Alemania,GMT+1
IT-Business,https://www.it-business.de/rss.xml,OK 200 RSS/Atom,Actualizada: última noticia 2026-05-05 (hace 0 días),Alemania,GMT+1
Linux Magazin,https://www.linux-magazin.de/feed/,OK 200 RSS/Atom,Actualizada: última noticia 2026-05-05 (hace 0 días),Alemania,GMT+1
MacTechNews,https://www.mactechnews.de/Rss/News.x,OK 200 RSS/Atom,Actualizada: última noticia 2026-05-05 (hace 0 días),Alemania,GMT+1
MobileGeeks,https://www.mobilegeeks.de/feed/,Funciona,Actualizada: última noticia 2026-05-05 (hace 0 días),Alemania,GMT+1
Netzpolitik,https://netzpolitik.org/feed/,OK 200 RSS/Atom,Actualizada: última noticia 2026-05-05 (hace 0 días),Alemania,GMT+1
Notebookcheck,https://www.notebookcheck.com/News.37.100.html?type=100,Funciona,Actualizada: última noticia 2026-05-05 (hace 0 días),Alemania,GMT+1
SAP News Technology,https://news.sap.com/feed/,OK 200 RSS/Atom,Actualizada: última noticia 2026-05-04 (hace 1 días),Alemania,GMT+1
SUSE Blog,https://www.suse.com/c/feed/,OK 200 RSS/Atom,Actualizada: última noticia 2026-05-04 (hace 1 días),Alemania,GMT+1
SUSE Kubernetes,https://www.suse.com/c/tag/kubernetes/feed/,OK 200 RSS/Atom,Poco Actualizada: última noticia 2026-04-09 (hace 26 días),Alemania,GMT+1
Security Insider,https://www.security-insider.de/rss.xml,OK 200 RSS/Atom,Actualizada: última noticia 2026-05-05 (hace 0 días),Alemania,GMT+1
Tarnkappe,https://tarnkappe.info/feed,OK 200 RSS/Atom,Actualizada: última noticia 2026-05-04 (hace 1 días),Alemania,GMT+1
codecentric Blog,https://blog.codecentric.de/feed,OK 200 RSS/Atom,Actualizada: última noticia 2026-05-05 (hace 0 días),Alemania,GMT+1
heise Newsticker,https://www.heise.de/rss/heise-atom.xml,OK 200 RSS/Atom,Actualizada: última noticia 2026-05-05 (hace 0 días),Alemania,GMT+1
iphone-ticker,https://www.iphone-ticker.de/feed/,OK 200 RSS/Atom,Actualizada: última noticia 2026-05-05 (hace 0 días),Alemania,GMT+1
mobiflip,https://www.mobiflip.de/feed/,OK 200 RSS/Atom,Actualizada: última noticia 2026-05-05 (hace 0 días),Alemania,GMT+1
t3n,https://t3n.de/rss.xml,OK 200 RSS/Atom,Actualizada: última noticia 2026-05-05 (hace 0 días),Alemania,GMT+1
t3n KI,https://t3n.de/tag/kuenstliche-intelligenz/rss.xml,OK 200 RSS/Atom,Actualizada: última noticia 2026-05-05 (hace 0 días),Alemania,GMT+1
machinelearningmastery,https://machinelearningmastery.com/blog/feed,OK 200 RSS/Atom (0.28s),Poco Actualizada: última noticia 2026-04-27 (hace 8 días),Australia,GMT+10
aitimejournal,https://www.aitimejournal.com/feed/,OK 200 RSS/Atom (0.33s),Actualizada: última noticia 2026-05-04 (hace 1 días),Canadá,GMT-5
36Kr English,https://36kr.com/feed,Funciona,Actualizada: última noticia 2026-05-05 (hace 0 días),China,GMT+8
Abacus News,https://www.abacusnews.com/rss,OK 200 RSS/Atom,Actualizada: última noticia 2026-05-04 (hace 1 días),China,GMT+8
CGTN Tech&Sci,https://www.cgtn.com/subscribe/rss/section/tech-sci.xml,OK 200 RSS/Atom,Poco Actualizada: última noticia 2026-04-14 (hace 21 días),China,GMT+8
CNTechPost,https://cntechpost.com/feed/,OK 200 RSS/Atom,Actualizada: última noticia 2026-04-30 (hace 5 días),China,GMT+8
CarNewsChina,https://carnewschina.com/feed/,OK 200 RSS/Atom,Actualizada: última noticia 2026-05-05 (hace 0 días),China,GMT+8
China Money Network,https://www.chinamoneynetwork.com/feed,OK 200 RSS/Atom,Actualizada: última noticia 2026-05-05 (hace 0 días),China,GMT+8
ChinaTechNews,https://www.chinatechnews.com/feed/,OK 200 RSS/Atom,Actualizada: última noticia 2026-05-05 (hace 0 días),China,GMT+8
ChinaTechNews Internet,https://www.chinatechnews.com/category/internet/feed,Funciona,Actualizada: última noticia 2026-04-30 (hace 4 días),China,GMT+8
CnEVPost,https://cnevpost.com/feed/,Funciona,Actualizada: última noticia 2026-05-05 (hace 0 días),China,GMT+8
CnTechPost,https://www.cntechpost.com/feed/,Funciona,Actualizada: última noticia 2026-04-30 (hace 4 días),China,GMT+8
Doris Apache China,https://doris.apache.org/blog/rss.xml,OK 200 RSS/Atom,Poco Actualizada: última noticia 2026-04-23 (hace 12 días),China,GMT+8
Gizmochina,https://www.gizmochina.com/feed/,OK 200 RSS/Atom,Actualizada: última noticia 2026-05-05 (hace 0 días),China,GMT+8
Gizmochina News,https://www.gizmochina.com/category/news/feed/,OK 200 RSS/Atom,Poco Actualizada: última noticia 2026-04-16 (hace 19 días),China,GMT+8
Huawei Central,https://www.huaweicentral.com/feed/,OK 200 RSS/Atom,Actualizada: última noticia 2026-05-05 (hace 0 días),China,GMT+8
IT之家,https://www.ithome.com/rss/,OK 200 RSS/Atom,Actualizada: última noticia 2026-05-05 (hace 0 días),China,GMT+8
Pandaily,https://pandaily.com/feed/,OK 200 RSS/Atom,Actualizada: última noticia 2026-04-30 (hace 5 días),China,GMT+8
SCMP China,https://www.scmp.com/rss/4/feed,OK 200 RSS/Atom,Actualizada: última noticia 2026-05-05 (hace 0 días),China,GMT+8
SCMP China Technology,https://www.scmp.com/rss/36/feed,OK 200 RSS/Atom,Actualizada: última noticia 2026-05-05 (hace 0 días),China,GMT+8
StarRocks Blog,https://www.starrocks.io/blog/rss.xml,OK 200 RSS/Atom,Actualizada: última noticia 2026-04-29 (hace 6 días),China,GMT+8
Technode Fintech,https://technode.global/tag/fintech/feed/,OK 200 RSS/Atom,Poco Actualizada: última noticia 2026-04-23 (hace 12 días),China,GMT+8
Technode Global,https://technode.global/feed/,OK 200 RSS/Atom,Actualizada: última noticia 2026-05-05 (hace 0 días),China,GMT+8
syncedreview,https://syncedreview.com/feed/,OK 200 RSS/Atom (0.13s),Poco Actualizada: última noticia 2025-08-14 (hace 264 días),China,GMT+8
AI Times Korea,https://www.aitimes.com/rss/allArticle.xml,Funciona,Actualizada: última noticia 2026-05-05 (hace 0 días),Corea del Sur,GMT+9
Asia Economy Industry IT,https://www.asiae.co.kr/rss/industry-IT.htm,OK 200 RSS/Atom,Actualizada: última noticia 2026-05-05 (hace 0 días),Corea del Sur,GMT+9
Bloter,https://www.bloter.net/rss/allArticle.xml,Funciona,Actualizada: última noticia 2026-05-06 (hace 0 días),Corea del Sur,GMT+9
Business Korea,https://www.businesskorea.co.kr/rss/allArticle.xml,OK 200 RSS/Atom,Actualizada: última noticia 2026-05-05 (hace 0 días),Corea del Sur,GMT+9
Business Korea ICT,https://www.businesskorea.co.kr/rss/S1N2.xml,OK 200 RSS/Atom,Actualizada: última noticia 2026-05-04 (hace 1 días),Corea del Sur,GMT+9
Digital Today,https://www.digitaltoday.co.kr/rss/allArticle.xml,Funciona,Actualizada: última noticia 2026-05-06 (hace 0 días),Corea del Sur,GMT+9
ETNews,https://rss.etnews.com/Section902.xml,Funciona,Actualizada: última noticia 2026-05-05 (hace 0 días),Corea del Sur,GMT+9
ETNews AI,http://rss.etnews.com/04046.xml,OK 200 RSS/Atom,Actualizada: última noticia 2026-05-05 (hace 0 días),Corea del Sur,GMT+9
ETNews Electronics,http://rss.etnews.com/06.xml,OK 200 RSS/Atom,Actualizada: última noticia 2026-05-05 (hace 0 días),Corea del Sur,GMT+9
ETNews IT,http://rss.etnews.com/03.xml,OK 200 RSS/Atom,Actualizada: última noticia 2026-05-05 (hace 0 días),Corea del Sur,GMT+9
ETNews IT,https://rss.etnews.com/Section901.xml,Funciona,Actualizada: última noticia 2026-05-05 (hace 0 días),Corea del Sur,GMT+9
ETNews Internet,http://rss.etnews.com/12.xml,OK 200 RSS/Atom,Actualizada: última noticia 2026-05-05 (hace 0 días),Corea del Sur,GMT+9
ETNews Mobility,http://rss.etnews.com/17.xml,OK 200 RSS/Atom,Actualizada: última noticia 2026-05-05 (hace 0 días),Corea del Sur,GMT+9
ETNews SW,http://rss.etnews.com/04.xml,OK 200 RSS/Atom,Actualizada: última noticia 2026-05-05 (hace 0 días),Corea del Sur,GMT+9
ETNews Science,http://rss.etnews.com/20.xml,OK 200 RSS/Atom,Actualizada: última noticia 2026-05-05 (hace 0 días),Corea del Sur,GMT+9
ETNews Telecom,http://rss.etnews.com/02.xml,OK 200 RSS/Atom,Actualizada: última noticia 2026-05-05 (hace 0 días),Corea del Sur,GMT+9
Hankyung IT Science,https://www.hankyung.com/feed/it,OK 200 RSS/Atom,Actualizada: última noticia 2026-05-05 (hace 0 días),Corea del Sur,GMT+9
Hyperconnect Tech,https://hyperconnect.github.io/feed.xml,OK 200 RSS/Atom,Poco Actualizada: última noticia 2026-04-22 (hace 13 días),Corea del Sur,GMT+9
IT Donga,https://it.donga.com/feeds/rss/,Funciona,Actualizada: última noticia 2026-05-05 (hace 0 días),Corea del Sur,GMT+9
Kakao Tech,https://tech.kakao.com/feed/,OK 200 RSS/Atom,Poco Actualizada: última noticia 2026-04-22 (hace 13 días),Corea del Sur,GMT+9
Korea IT Times,https://www.koreaittimes.com/rss/S1N1.xml,OK 200 RSS/Atom,Actualizada: última noticia 2026-05-05 (hace 0 días),Corea del Sur,GMT+9
Korea IT Times All,https://www.koreaittimes.com/rss/allArticle.xml,OK 200 RSS/Atom,Actualizada: última noticia 2026-05-05 (hace 0 días),Corea del Sur,GMT+9
Korea IT Times Technology,https://www.koreaittimes.com/rss/S1N2.xml,OK 200 RSS/Atom,Actualizada: última noticia 2026-05-05 (hace 0 días),Corea del Sur,GMT+9
LINE Engineering,https://engineering.linecorp.com/en/feed/,OK 200 RSS/Atom,Actualizada: última noticia 2026-04-28 (hace 7 días),Corea del Sur,GMT+9
LINE Yahoo Engineering Korea,https://techblog.lycorp.co.jp/ko/feed/index.xml,OK 200 RSS/Atom,Actualizada: última noticia 2026-04-30 (hace 5 días),Corea del Sur,GMT+9
Maeil Business Tech,https://www.mk.co.kr/rss/40300001/,Funciona,Actualizada: última noticia 2026-05-05 (hace 0 días),Corea del Sur,GMT+9
Platum,https://platum.kr/feed,Funciona,Actualizada: última noticia 2026-05-04 (hace 0 días),Corea del Sur,GMT+9
SK Hynix Newsroom,https://news.skhynix.com/feed/,OK 200 RSS/Atom,Poco Actualizada: última noticia 2026-04-27 (hace 8 días),Corea del Sur,GMT+9
SK Telecom News,https://news.sktelecom.com/en/feed,OK 200 RSS/Atom,Actualizada: última noticia 2026-04-28 (hace 7 días),Corea del Sur,GMT+9
Samsung Developers Blog,https://developer.samsung.com/feed,OK 200 RSS/Atom,Poco Actualizada: última noticia 2026-04-23 (hace 12 días),Corea del Sur,GMT+9
Samsung Global Newsroom,https://news.samsung.com/global/feed,OK 200 RSS/Atom,Actualizada: última noticia 2026-05-04 (hace 1 días),Corea del Sur,GMT+9
Samsung Newsroom Korea,https://news.samsung.com/kr/feed,OK 200 RSS/Atom,Actualizada: última noticia 2026-05-04 (hace 1 días),Corea del Sur,GMT+9
Seoulz,https://seoulz.com/feed/,OK 200 RSS/Atom,Actualizada: última noticia 2026-05-04 (hace 1 días),Corea del Sur,GMT+9
Seoulz,https://www.seoulz.com/feed/,Funciona,Actualizada: última noticia 2026-05-04 (hace 0 días),Corea del Sur,GMT+9
Seoulz Startups,https://seoulz.com/category/startups/feed/,OK 200 RSS/Atom,Actualizada: última noticia 2026-04-30 (hace 5 días),Corea del Sur,GMT+9
The Elec,https://www.thelec.net/rss/allArticle.xml,OK 200 RSS/Atom,Actualizada: última noticia 2026-05-05 (hace 0 días),Corea del Sur,GMT+9
TokenPost Korea,https://www.tokenpost.kr/rss,Funciona,Actualizada: última noticia 2026-05-05 (hace 0 días),Corea del Sur,GMT+9
VentureSquare,https://www.venturesquare.net/feed,Funciona,Actualizada: última noticia 2026-05-05 (hace 0 días),Corea del Sur,GMT+9
Absolute Geeks,https://www.absolutegeeks.com/feed/,OK 200 RSS/Atom,Actualizada: última noticia 2026-05-05 (hace 0 días),Emiratos Árabes Unidos,GMT+4
Absolute Geeks Reviews,https://www.absolutegeeks.com/category/reviews/feed/,OK 200 RSS/Atom,Actualizada: última noticia 2026-05-05 (hace 0 días),Emiratos Árabes Unidos,GMT+4
Best Kodi Tips Tech,https://www.bestkoditips.com/feed/,OK 200 RSS/Atom,Actualizada: última noticia 2026-05-04 (hace 1 días),Emiratos Árabes Unidos,GMT+4
CXO Insight ME,https://www.cxoinsightme.com/feed,Funciona,Actualizada: última noticia 2026-05-05 (hace 0 días),Emiratos Árabes Unidos,GMT+4
DXBStart RSS,https://www.dxbstart.com/rss.xml,OK 200 RSS/Atom,Actualizada: última noticia 2026-05-05 (hace 0 días),Emiratos Árabes Unidos,GMT+4
Dubai Chronicle,https://www.dubaichronicle.com/feed/,OK 200 RSS/Atom,Actualizada: última noticia 2026-05-04 (hace 1 días),Emiratos Árabes Unidos,GMT+4
Dubai Tech News,https://dubaitechnews.com/feed,OK 200 RSS/Atom,Poco Actualizada: última noticia 2026-04-23 (hace 12 días),Emiratos Árabes Unidos,GMT+4
Fintech News Middle East,https://fintechnews.ae/feed/,OK 200 RSS/Atom,Actualizada: última noticia 2026-05-05 (hace 0 días),Emiratos Árabes Unidos,GMT+4
Fintech News Middle East Payments,https://fintechnews.ae/payments/feed/,OK 200 RSS/Atom,Actualizada: última noticia 2026-05-05 (hace 0 días),Emiratos Árabes Unidos,GMT+4
Intelligent CIO AI,https://www.intelligentcio.com/me/category/artificial-intelligence/feed/,Funciona,Actualizada: última noticia 2026-05-05 (hace 0 días),Emiratos Árabes Unidos,GMT+4
Intelligent CIO Middle East,https://www.intelligentcio.com/me/feed/,Funciona,Actualizada: última noticia 2026-05-05 (hace 0 días),Emiratos Árabes Unidos,GMT+4
Intelligent CISO,https://www.intelligentciso.com/feed/,Funciona,Actualizada: última noticia 2026-05-05 (hace 0 días),Emiratos Árabes Unidos,GMT+4
Intelligent CISO News,https://www.intelligentciso.com/category/news/feed/,Funciona,Poco Actualizada: última noticia 2026-04-20 (hace 14 días),Emiratos Árabes Unidos,GMT+4
MBZUAI Events,https://mbzuai.ac.ae/events/feed/,OK 200 RSS/Atom,Actualizada: última noticia 2026-05-07 (hace -2 días),Emiratos Árabes Unidos,GMT+4
MBZUAI News,https://mbzuai.ac.ae/news/feed/,OK 200 RSS/Atom,Actualizada: última noticia 2026-05-05 (hace 0 días),Emiratos Árabes Unidos,GMT+4
MENA Newswire Technology,https://menanewswire.com/category/technology/feed/,OK 200 RSS/Atom,Actualizada: última noticia 2026-05-05 (hace 0 días),Emiratos Árabes Unidos,GMT+4
MENA Tech,https://www.menatech.net/feed/,OK 200 RSS/Atom,Actualizada: última noticia 2026-05-05 (hace 0 días),Emiratos Árabes Unidos,GMT+4
Middle East AI News,https://www.middleeastainews.com/feed/,OK 200 RSS/Atom,Actualizada: última noticia 2026-05-05 (hace 0 días),Emiratos Árabes Unidos,GMT+4
Security Middle East Magazine,https://www.securitymiddleeastmag.com/feed/,OK 200 RSS/Atom,Actualizada: última noticia 2026-05-05 (hace 0 días),Emiratos Árabes Unidos,GMT+4
TahawulTech,https://www.tahawultech.com/feed/,OK 200 RSS/Atom,Actualizada: última noticia 2026-05-05 (hace 0 días),Emiratos Árabes Unidos,GMT+4
Tech Magazine MENA,https://techmgzn.com/feed,OK 200 RSS/Atom,Actualizada: última noticia 2026-05-05 (hace 0 días),Emiratos Árabes Unidos,GMT+4
The Technology Express,https://thetechnologyexpress.com/feed/,OK 200 RSS/Atom,Actualizada: última noticia 2026-05-05 (hace 0 días),Emiratos Árabes Unidos,GMT+4
Wamda,https://www.wamda.com/feed,OK 200 RSS/Atom,Actualizada: última noticia 2026-05-05 (hace 0 días),Emiratos Árabes Unidos,GMT+4
saal,https://saal.ai/feed/,OK 200 RSS/Atom (0.35s),Poco Actualizada: última noticia 2026-02-17 (hace 77 días),Emiratos Árabes Unidos,GMT+4
1reddrop,https://1reddrop.com/feed/,OK 200 RSS/Atom (1.28s),Actualizada: última noticia 2026-05-03 (hace 2 días),Estados Unidos,GMT-5
9to5Google,https://9to5google.com/feed/,Funciona,Actualizada: última noticia 2026-05-05 (hace 0 días),Estados Unidos,GMT-5
9to5Mac,https://9to5mac.com/feed/,OK 200 RSS/Atom,Actualizada: última noticia 2026-05-05 (hace 0 días),Estados Unidos,GMT-5
AWS Architecture Blog,https://aws.amazon.com/blogs/architecture/feed/,OK 200 RSS/Atom,Poco Actualizada: última noticia 2026-04-27 (hace 8 días),Estados Unidos,GMT-5
AWS Compute Blog,https://aws.amazon.com/blogs/compute/feed/,OK 200 RSS/Atom,Actualizada: última noticia 2026-04-30 (hace 5 días),Estados Unidos,GMT-5
AWS Machine Learning Blog,https://aws.amazon.com/blogs/machine-learning/feed/,OK 200 RSS/Atom,Actualizada: última noticia 2026-05-05 (hace 0 días),Estados Unidos,GMT-5
AWS News Blog,https://aws.amazon.com/blogs/aws/feed/,OK 200 RSS/Atom,Actualizada: última noticia 2026-05-05 (hace 0 días),Estados Unidos,GMT-5
AWS Security Blog,https://aws.amazon.com/blogs/security/feed/,OK 200 RSS/Atom,Actualizada: última noticia 2026-05-05 (hace 0 días),Estados Unidos,GMT-5
Airbnb Engineering,https://medium.com/feed/airbnb-engineering,OK 200 RSS/Atom,Actualizada: última noticia 2026-05-05 (hace 0 días),Estados Unidos,GMT-5
All Things Distributed,https://www.allthingsdistributed.com/atom.xml,OK 200 RSS/Atom,Poco Actualizada: última noticia 2026-04-22 (hace 13 días),Estados Unidos,GMT-5
Android Central,https://www.androidcentral.com/rss,OK 200 RSS/Atom,Actualizada: última noticia 2026-05-05 (hace 0 días),Estados Unidos,GMT-5
Android Police,https://www.androidpolice.com/feed/,OK 200 RSS/Atom,Actualizada: última noticia 2026-05-05 (hace 0 días),Estados Unidos,GMT-5
Apple Machine Learning,https://machinelearning.apple.com/rss.xml,OK 200 RSS/Atom,Actualizada: última noticia 2026-05-04 (hace 1 días),Estados Unidos,GMT-5
Ars Apple,https://feeds.arstechnica.com/arstechnica/apple,OK 200 RSS/Atom,Actualizada: última noticia 2026-05-04 (hace 1 días),Estados Unidos,GMT-5
Ars Gear,https://feeds.arstechnica.com/arstechnica/gadgets,OK 200 RSS/Atom,Actualizada: última noticia 2026-05-04 (hace 1 días),Estados Unidos,GMT-5
Ars Science,https://feeds.arstechnica.com/arstechnica/science,OK 200 RSS/Atom,Actualizada: última noticia 2026-05-04 (hace 1 días),Estados Unidos,GMT-5
Ars Tech Policy,https://feeds.arstechnica.com/arstechnica/tech-policy,OK 200 RSS/Atom,Actualizada: última noticia 2026-05-05 (hace 0 días),Estados Unidos,GMT-5
Ars Technica,https://feeds.arstechnica.com/arstechnica/index,OK 200 RSS/Atom,Actualizada: última noticia 2026-05-05 (hace 0 días),Estados Unidos,GMT-5
Ars Technica Biz IT,https://feeds.arstechnica.com/arstechnica/technology-lab,OK 200 RSS/Atom,Actualizada: última noticia 2026-05-05 (hace 0 días),Estados Unidos,GMT-5
Atlassian Engineering,https://www.atlassian.com/engineering/feed,OK 200 RSS/Atom,Actualizada: última noticia 2026-05-04 (hace 1 días),Estados Unidos,GMT-5
BleepingComputer,https://www.bleepingcomputer.com/feed/,OK 200 RSS/Atom,Actualizada: última noticia 2026-05-05 (hace 0 días),Estados Unidos,GMT-5
CNET News,https://www.cnet.com/rss/news/,OK 200 RSS/Atom,Actualizada: última noticia 2026-05-05 (hace 0 días),Estados Unidos,GMT-5
Cisco Engineering,https://blogs.cisco.com/developer/feed,OK 200 RSS/Atom,Actualizada: última noticia 2026-05-04 (hace 1 días),Estados Unidos,GMT-5
Cisco Security,https://blogs.cisco.com/security/feed,OK 200 RSS/Atom,Actualizada: última noticia 2026-04-30 (hace 5 días),Estados Unidos,GMT-5
Cloudflare Blog,https://blog.cloudflare.com/rss/,OK 200 RSS/Atom,Actualizada: última noticia 2026-05-01 (hace 4 días),Estados Unidos,GMT-5
Cloudflare Engineering,https://blog.cloudflare.com/tag/engineering/rss/,Funciona,Poco Actualizada: última noticia 2026-04-22 (hace 12 días),Estados Unidos,GMT-5
Computerworld,https://www.computerworld.com/feed/,OK 200 RSS/Atom,Actualizada: última noticia 2026-05-05 (hace 0 días),Estados Unidos,GMT-5
DEV Community,https://dev.to/feed,OK 200 RSS/Atom,Actualizada: última noticia 2026-05-05 (hace 0 días),Estados Unidos,GMT-5
Datadog Engineering,https://www.datadoghq.com/blog/engineering/index.xml,Funciona,Poco Actualizada: última noticia 2026-04-21 (hace 14 días),Estados Unidos,GMT-5
Discord Blog,https://discord.com/blog/rss.xml,OK 200 RSS/Atom,Actualizada: última noticia 2026-05-04 (hace 1 días),Estados Unidos,GMT-5
Elastic Blog,https://www.elastic.co/blog/feed,OK 200 RSS/Atom,Actualizada: última noticia 2026-05-05 (hace 0 días),Estados Unidos,GMT-5
Engadget,https://www.engadget.com/rss.xml,OK 200 RSS/Atom,Actualizada: última noticia 2026-05-05 (hace 0 días),Estados Unidos,GMT-5
GeekWire,https://www.geekwire.com/feed/,OK 200 RSS/Atom,Actualizada: última noticia 2026-05-05 (hace 0 días),Estados Unidos,GMT-5
GitHub Blog,https://github.blog/feed/,Funciona,Actualizada: última noticia 2026-05-05 (hace 0 días),Estados Unidos,GMT-5
GitHub Blog Engineering,https://github.blog/engineering/feed/,OK 200 RSS/Atom,Poco Actualizada: última noticia 2026-04-16 (hace 19 días),Estados Unidos,GMT-5
GitHub Changelog,https://github.blog/changelog/feed/,Funciona,Actualizada: última noticia 2026-05-05 (hace 0 días),Estados Unidos,GMT-5
GitLab Blog Engineering,https://about.gitlab.com/atom.xml,OK 200 RSS/Atom,Actualizada: última noticia 2026-05-05 (hace 0 días),Estados Unidos,GMT-5
Gizmodo,https://gizmodo.com/rss,OK 200 RSS/Atom,Actualizada: última noticia 2026-05-05 (hace 0 días),Estados Unidos,GMT-5
Google Blog,https://blog.google/rss/,OK 200 RSS/Atom,Actualizada: última noticia 2026-05-05 (hace 0 días),Estados Unidos,GMT-5
Google Cloud Blog,https://cloudblog.withgoogle.com/rss/,OK 200 RSS/Atom,Actualizada: última noticia 2026-05-05 (hace 0 días),Estados Unidos,GMT-5
Google Research Blog,https://research.google/blog/rss/,OK 200 RSS/Atom,Actualizada: última noticia 2026-05-01 (hace 4 días),Estados Unidos,GMT-5
Google Security Blog,https://security.googleblog.com/feeds/posts/default,OK 200 RSS/Atom,Poco Actualizada: última noticia 2026-04-23 (hace 12 días),Estados Unidos,GMT-5
Hackaday,https://hackaday.com/blog/feed/,OK 200 RSS/Atom,Actualizada: última noticia 2026-05-05 (hace 0 días),Estados Unidos,GMT-5
Hacker News Frontpage,https://hnrss.org/frontpage,OK 200 RSS/Atom,Actualizada: última noticia 2026-05-05 (hace 0 días),Estados Unidos,GMT-5
How-To Geek,https://www.howtogeek.com/feed/,OK 200 RSS/Atom,Actualizada: última noticia 2026-05-05 (hace 0 días),Estados Unidos,GMT-5
IEEE Spectrum,https://spectrum.ieee.org/rss/fulltext,OK 200 RSS/Atom,Actualizada: última noticia 2026-05-04 (hace 1 días),Estados Unidos,GMT-5
IEEE Spectrum Robotics,https://spectrum.ieee.org/feeds/topic/robotics.rss,OK 200 RSS/Atom,Actualizada: última noticia 2026-05-04 (hace 1 días),Estados Unidos,GMT-5
InfoWorld,https://www.infoworld.com/feed/,OK 200 RSS/Atom,Actualizada: última noticia 2026-05-05 (hace 0 días),Estados Unidos,GMT-5
MIT,https://news.mit.edu/topic/mitartificial-intelligence2-rss.xml,OK 200 RSS/Atom (0.48s),Actualizada: última noticia 2026-05-01 (hace 4 días),Estados Unidos,GMT-5
MIT News AI,https://news.mit.edu/rss/topic/artificial-intelligence2,OK 200 RSS/Atom,Actualizada: última noticia 2026-05-01 (hace 4 días),Estados Unidos,GMT-5
MIT News Computer Science,https://news.mit.edu/rss/topic/computers,OK 200 RSS/Atom,Actualizada: última noticia 2026-05-04 (hace 1 días),Estados Unidos,GMT-5
MIT Technology Review,https://www.technologyreview.com/feed/,Funciona,Actualizada: última noticia 2026-05-05 (hace 0 días),Estados Unidos,GMT-5
MacRumors,https://www.macrumors.com/macrumors.xml,OK 200 RSS/Atom,Actualizada: última noticia 2026-05-05 (hace 0 días),Estados Unidos,GMT-5
Martin Fowler,https://martinfowler.com/feed.atom,OK 200 RSS/Atom,Actualizada: última noticia 2026-05-05 (hace 0 días),Estados Unidos,GMT-5
Meta Engineering,https://engineering.fb.com/feed/,OK 200 RSS/Atom,Actualizada: última noticia 2026-05-01 (hace 4 días),Estados Unidos,GMT-5
Microsoft Azure Blog,https://azure.microsoft.com/en-us/blog/feed/,OK 200 RSS/Atom,Poco Actualizada: última noticia 2026-04-09 (hace 26 días),Estados Unidos,GMT-5
Microsoft Developer Blog,https://devblogs.microsoft.com/feed/,OK 200 RSS/Atom,Poco Actualizada: última noticia 2026-04-23 (hace 12 días),Estados Unidos,GMT-5
Microsoft Security Blog,https://www.microsoft.com/en-us/security/blog/feed/,OK 200 RSS/Atom,Actualizada: última noticia 2026-05-04 (hace 1 días),Estados Unidos,GMT-5
MongoDB Blog,https://www.mongodb.com/blog/rss,OK 200 RSS/Atom,Poco Actualizada: última noticia 2026-04-14 (hace 21 días),Estados Unidos,GMT-5
NVIDIA Blog,https://blogs.nvidia.com/feed/,OK 200 RSS/Atom,Actualizada: última noticia 2026-05-05 (hace 0 días),Estados Unidos,GMT-5
NYTimes Technology,https://rss.nytimes.com/services/xml/rss/nyt/Technology.xml,OK 200 RSS/Atom,Actualizada: última noticia 2026-05-05 (hace 0 días),Estados Unidos,GMT-5
OpenAI News,https://openai.com/news/rss.xml,OK 200 RSS/Atom,Actualizada: última noticia 2026-05-05 (hace 0 días),Estados Unidos,GMT-5
Pinterest Engineering,https://medium.com/feed/pinterest-engineering,OK 200 RSS/Atom,Actualizada: última noticia 2026-05-01 (hace 4 días),Estados Unidos,GMT-5
ReadWrite,https://readwrite.com/feed/,OK 200 RSS/Atom,Actualizada: última noticia 2026-05-05 (hace 0 días),Estados Unidos,GMT-5
Salesforce Engineering,https://engineering.salesforce.com/feed,OK 200 RSS/Atom,Actualizada: última noticia 2026-05-04 (hace 1 días),Estados Unidos,GMT-5
Slack Engineering,https://slack.engineering/feed/,OK 200 RSS/Atom,Actualizada: última noticia 2026-05-05 (hace 0 días),Estados Unidos,GMT-5
Slashdot,https://rss.slashdot.org/Slashdot/slashdotMain,OK 200 RSS/Atom,Actualizada: última noticia 2026-05-05 (hace 0 días),Estados Unidos,GMT-5
Software Engineering Daily,https://softwareengineeringdaily.com/feed/,OK 200 RSS/Atom,Actualizada: última noticia 2026-05-05 (hace 0 días),Estados Unidos,GMT-5
Stripe Engineering,https://stripe.com/blog/feed.rss,OK 200 RSS/Atom,Actualizada: última noticia 2026-04-29 (hace 6 días),Estados Unidos,GMT-5
TechCrunch,https://techcrunch.com/feed/,OK 200 RSS/Atom,Actualizada: última noticia 2026-05-05 (hace 0 días),Estados Unidos,GMT-5
TechCrunch AI,https://techcrunch.com/category/artificial-intelligence/feed/,OK 200 RSS/Atom,Actualizada: última noticia 2026-05-05 (hace 0 días),Estados Unidos,GMT-5
TechCrunch Security,https://techcrunch.com/category/security/feed/,OK 200 RSS/Atom,Actualizada: última noticia 2026-05-05 (hace 0 días),Estados Unidos,GMT-5
TechCrunch Startups,https://techcrunch.com/category/startups/feed/,OK 200 RSS/Atom,Actualizada: última noticia 2026-05-05 (hace 0 días),Estados Unidos,GMT-5
TechCrunch Venture,https://techcrunch.com/category/venture/feed/,OK 200 RSS/Atom,Actualizada: última noticia 2026-05-05 (hace 0 días),Estados Unidos,GMT-5
TechSpot,https://www.techspot.com/backend.xml,OK 200 RSS/Atom,Actualizada: última noticia 2026-05-05 (hace 0 días),Estados Unidos,GMT-5
Techmeme,https://www.techmeme.com/feed.xml,OK 200 RSS/Atom,Actualizada: última noticia 2026-05-05 (hace 0 días),Estados Unidos,GMT-5
Techmeme Firehose,https://www.techmeme.com/feed.xml?x=1,OK 200 RSS/Atom,Actualizada: última noticia 2026-05-05 (hace 0 días),Estados Unidos,GMT-5
The Hill Technology,https://thehill.com/policy/technology/feed/,OK 200 RSS/Atom,Actualizada: última noticia 2026-05-05 (hace 0 días),Estados Unidos,GMT-5
The Next Web,https://thenextweb.com/feed,OK 200 RSS/Atom,Actualizada: última noticia 2026-05-05 (hace 0 días),Estados Unidos,GMT-5
The Verge,https://www.theverge.com/rss/index.xml,OK 200 RSS/Atom,Actualizada: última noticia 2026-05-05 (hace 0 días),Estados Unidos,GMT-5
Thurrott,https://www.thurrott.com/feed,OK 200 RSS/Atom,Actualizada: última noticia 2026-05-05 (hace 0 días),Estados Unidos,GMT-5
Tom’s Hardware,https://www.tomshardware.com/feeds/all,OK 200 RSS/Atom,Actualizada: última noticia 2026-05-05 (hace 0 días),Estados Unidos,GMT-5
Toptal Engineering,https://www.toptal.com/developers/blog.rss,OK 200 RSS/Atom,Poco Actualizada: última noticia 2026-04-24 (hace 11 días),Estados Unidos,GMT-5
VentureBeat,https://venturebeat.com/feed/,Funciona,Actualizada: última noticia 2026-05-05 (hace 0 días),Estados Unidos,GMT-5
Windows Central,https://www.windowscentral.com/rss,Funciona,Actualizada: última noticia 2026-05-05 (hace 0 días),Estados Unidos,GMT-5
Wired,https://www.wired.com/feed/rss,OK 200 RSS/Atom,Actualizada: última noticia 2026-05-05 (hace 0 días),Estados Unidos,GMT-5
XDA Developers,https://www.xda-developers.com/feed/,OK 200 RSS/Atom,Actualizada: última noticia 2026-05-05 (hace 0 días),Estados Unidos,GMT-5
Yelp Engineering,https://engineeringblog.yelp.com/feed.xml,OK 200 RSS/Atom,Poco Actualizada: última noticia 2026-04-22 (hace 13 días),Estados Unidos,GMT-5
ZDNET News,https://www.zdnet.com/news/rss.xml,Funciona,Actualizada: última noticia 2026-05-05 (hace 0 días),Estados Unidos,GMT-5
ai2people,https://ai2people.com/feed/,OK 200 RSS/Atom (0.67s),Actualizada: última noticia 2026-05-05 (hace 0 días),Estados Unidos,GMT-5
aiiottalk,https://www.aiiottalk.com/feed/,OK 200 RSS/Atom (1.0s),Poco Actualizada: última noticia 2026-02-17 (hace 77 días),Estados Unidos,GMT-5
ainowinstitute,https://ainowinstitute.org/feed,OK 200 RSS/Atom (0.18s),Poco Actualizada: última noticia 2026-04-23 (hace 12 días),Estados Unidos,GMT-5
aiparabellum,https://aiparabellum.com/feed/,OK 200 RSS/Atom (0.39s),Actualizada: última noticia 2026-05-01 (hace 4 días),Estados Unidos,GMT-5
alignmentforum,https://www.alignmentforum.org/feed.xml,OK 200 RSS/Atom (0.25s),Actualizada: última noticia 2026-05-01 (hace 4 días),Estados Unidos,GMT-5
berkeley,https://bair.berkeley.edu/blog/feed.xml,OK 200 RSS/Atom (0.91s),Poco Actualizada: última noticia 2026-04-20 (hace 15 días),Estados Unidos,GMT-5
blogs.sas,https://blogs.sas.com/content/topic/artificial-intelligence/feed/,OK 200 RSS/Atom (2.23s),Actualizada: última noticia 2026-04-30 (hace 5 días),Estados Unidos,GMT-5
clarifai,https://www.clarifai.com/blog/rss.xml,OK 200 RSS/Atom (0.23s),Actualizada: última noticia 2026-04-28 (hace 7 días),Estados Unidos,GMT-5
computational-intelligence,http://computational-intelligence.blogspot.com/feeds/posts/default,OK 200 RSS/Atom (0.91s),Actualizada: última noticia 2026-05-05 (hace 0 días),Estados Unidos,GMT-5
datarobot,https://www.datarobot.com/blog/feed/,OK 200 RSS/Atom (0.14s),Poco Actualizada: última noticia 2026-04-23 (hace 12 días),Estados Unidos,GMT-5
fusemachines,https://insights.fusemachines.com/feed/,OK 200 RSS/Atom (0.71s),Poco Actualizada: última noticia 2026-04-21 (hace 14 días),Estados Unidos,GMT-5
futureoflife,https://futureoflife.org/feed/,OK 200 RSS/Atom (0.74s),Poco Actualizada: última noticia 2026-04-16 (hace 19 días),Estados Unidos,GMT-5
gradientflow,http://www.gradientflow.com/feed,OK 200 RSS/Atom (0.62s),Actualizada: última noticia 2026-05-05 (hace 0 días),Estados Unidos,GMT-5
kavita-ganesan,http://kavita-ganesan.com/feed,OK 200 RSS/Atom (1.82s),Poco Actualizada: última noticia 2025-10-18 (hace 199 días),Estados Unidos,GMT-5
kore,https://blog.kore.ai/rss.xml,OK 200 RSS/Atom (0.19s),Poco Actualizada: última noticia 2025-10-27 (hace 190 días),Estados Unidos,GMT-5
marketingaiinstitute,http://www.marketingaiinstitute.com/blog/rss.xml,OK 200 RSS/Atom (0.27s),Poco Actualizada: última noticia 2026-04-23 (hace 12 días),Estados Unidos,GMT-5
marktechpost,https://www.marktechpost.com/feed/,OK 200 RSS/Atom (1.56s),Actualizada: última noticia 2026-05-05 (hace 0 días),Estados Unidos,GMT-5
metadevo,https://metadevo.com/feed/,OK 200 RSS/Atom (0.68s),Poco Actualizada: última noticia 2025-10-22 (hace 195 días),Estados Unidos,GMT-5
oreilly,https://www.oreilly.com/radar/topics/ai-ml/feed/index.xml,OK 200 RSS/Atom (0.38s),Actualizada: última noticia 2026-05-04 (hace 1 días),Estados Unidos,GMT-5
robotwritersai,https://robotwritersai.com/feed/,OK 200 RSS/Atom (0.95s),Actualizada: última noticia 2026-05-04 (hace 1 días),Estados Unidos,GMT-5
rstudio,https://blogs.rstudio.com/ai/index.xml,OK 200 RSS/Atom (0.31s),Poco Actualizada: última noticia 2025-08-19 (hace 259 días),Estados Unidos,GMT-5
sciencedaily,https://www.sciencedaily.com/rss/computers_math/artificial_intelligence.xml,OK 200 RSS/Atom (0.87s),Actualizada: última noticia 2026-04-30 (hace 5 días),Estados Unidos,GMT-5
shaip,https://www.shaip.com/feed/,OK 200 RSS/Atom (1.65s),Actualizada: última noticia 2026-05-05 (hace 0 días),Estados Unidos,GMT-5
singularityhub,https://singularityhub.com/feed/,OK 200 RSS/Atom (0.14s),Actualizada: última noticia 2026-05-04 (hace 1 días),Estados Unidos,GMT-5
techcrunch,https://techcrunch.com/tag/artificial-intelligence/feed/,OK 200 RSS/Atom (0.06s),Poco Actualizada: última noticia 2026-04-27 (hace 8 días),Estados Unidos,GMT-5
technologyreview,https://www.technologyreview.com/topic/artificial-intelligence/feed,OK 200 RSS/Atom (0.12s),Actualizada: última noticia 2026-05-05 (hace 0 días),Estados Unidos,GMT-5
techrepublic,https://www.techrepublic.com/rssfeeds/topic/artificial-intelligence/,OK 200 RSS/Atom (0.26s),Actualizada: última noticia 2026-05-04 (hace 1 días),Estados Unidos,GMT-5
thegradient,https://thegradient.pub/rss/,OK 200 RSS/Atom (0.39s),Poco Actualizada: última noticia 2026-02-18 (hace 76 días),Estados Unidos,GMT-5
usmsystems,https://usmsystems.com/blog/feed/,OK 200 RSS/Atom (1.12s),Actualizada: última noticia 2026-05-05 (hace 0 días),Estados Unidos,GMT-5
venturebeat,https://venturebeat.com/category/ai/feed/,OK 200 RSS/Atom (0.34s),Poco Actualizada: última noticia 2026-01-22 (hace 103 días),Estados Unidos,GMT-5
wired,https://www.wired.com/feed/tag/ai/latest/rss,OK 200 RSS/Atom (0.22s),Actualizada: última noticia 2026-05-05 (hace 0 días),Estados Unidos,GMT-5
zdnet,https://www.zdnet.com/topic/artificial-intelligence/rss.xml,OK 200 RSS/Atom (0.43s),Actualizada: última noticia 2026-05-05 (hace 0 días),Estados Unidos,GMT-5
01net,https://www.01net.com/feed/,OK 200 RSS/Atom,Actualizada: última noticia 2026-05-05 (hace 0 días),Francia,GMT+1
01net Actualites,https://www.01net.com/actualites/feed/,OK 200 RSS/Atom,Actualizada: última noticia 2026-05-05 (hace 0 días),Francia,GMT+1
01net Tests,https://www.01net.com/tests/feed/,OK 200 RSS/Atom,Actualizada: última noticia 2026-05-02 (hace 3 días),Francia,GMT+1
BFM Tech,https://www.bfmtv.com/rss/tech/,Funciona,Actualizada: última noticia 2026-05-05 (hace 0 días),Francia,GMT+1
Back Market Engineering,https://medium.com/feed/back-market-engineering,OK 200 RSS/Atom,Actualizada: última noticia 2026-04-29 (hace 6 días),Francia,GMT+1
Be Geek,https://www.begeek.fr/feed,OK 200 RSS/Atom,Actualizada: última noticia 2026-05-05 (hace 0 días),Francia,GMT+1
Blog du Modérateur Tech,https://www.blogdumoderateur.com/tech/feed/,OK 200 RSS/Atom,Actualizada: última noticia 2026-05-05 (hace 0 días),Francia,GMT+1
CNIL Innovation,https://www.cnil.fr/fr/rss.xml,OK 200 RSS/Atom,Actualizada: última noticia 2026-05-05 (hace 0 días),Francia,GMT+1
Clubic,https://www.clubic.com/feed/news.rss,OK 200 RSS/Atom,Actualizada: última noticia 2026-05-05 (hace 0 días),Francia,GMT+1
Clubic AI,https://www.clubic.com/intelligence-artificielle/feed/news.rss,Funciona,Actualizada: última noticia 2026-05-05 (hace 0 días),Francia,GMT+1
Clubic Pro,https://www.clubic.com/feed/pro.rss,OK 200 RSS/Atom,Actualizada: última noticia 2026-05-05 (hace 0 días),Francia,GMT+1
Clubic Pro,https://www.clubic.com/pro/feed/news.rss,Funciona,Actualizada: última noticia 2026-05-05 (hace 0 días),Francia,GMT+1
Criteo Engineering,https://medium.com/feed/criteo-engineering,OK 200 RSS/Atom,Actualizada: última noticia 2026-04-30 (hace 5 días),Francia,GMT+1
Dataiku Blog,https://blog.dataiku.com/rss.xml,OK 200 RSS/Atom,Actualizada: última noticia 2026-05-05 (hace 0 días),Francia,GMT+1
Developpez,https://www.developpez.com/index/rss,OK 200 RSS/Atom,Actualizada: última noticia 2026-05-05 (hace 0 días),Francia,GMT+1
Doctolib Engineering,https://medium.com/feed/doctolib,OK 200 RSS/Atom,Poco Actualizada: última noticia 2026-04-15 (hace 20 días),Francia,GMT+1
France24 Business Tech,https://www.france24.com/en/business-tech/rss,OK 200 RSS/Atom,Actualizada: última noticia 2026-05-04 (hace 1 días),Francia,GMT+1
Frandroid,https://www.frandroid.com/feed,OK 200 RSS/Atom,Actualizada: última noticia 2026-05-05 (hace 0 días),Francia,GMT+1
Frandroid Android,https://www.frandroid.com/android/feed,OK 200 RSS/Atom,Actualizada: última noticia 2026-05-05 (hace 0 días),Francia,GMT+1
Frandroid Marques,https://www.frandroid.com/marques/feed,Funciona,Actualizada: última noticia 2026-05-05 (hace 0 días),Francia,GMT+1
FrenchWeb,https://www.frenchweb.fr/feed,OK 200 RSS/Atom,Actualizada: última noticia 2026-05-05 (hace 0 días),Francia,GMT+1
Futura High-Tech,https://www.futura-sciences.com/rss/high-tech/actualites.xml,OK 200 RSS/Atom,Actualizada: última noticia 2026-05-05 (hace 0 días),Francia,GMT+1
Hugging Face Blog,https://huggingface.co/blog/feed.xml,OK 200 RSS/Atom,Actualizada: última noticia 2026-04-29 (hace 6 días),Francia,GMT+1
IA News,https://www.ia-news.fr/feed/,OK 200 RSS/Atom,Actualizada: última noticia 2026-05-05 (hace 0 días),Francia,GMT+1
Journal du Geek,https://www.journaldugeek.com/feed/,OK 200 RSS/Atom,Actualizada: última noticia 2026-05-05 (hace 0 días),Francia,GMT+1
Journal du Net Solutions,https://www.journaldunet.com/solutions/rss/,OK 200 RSS/Atom,Actualizada: última noticia 2026-04-30 (hace 5 días),Francia,GMT+1
Korben,https://korben.info/feed,OK 200 RSS/Atom,Actualizada: última noticia 2026-05-05 (hace 0 días),Francia,GMT+1
Le Monde Pixels,https://www.lemonde.fr/pixels/rss_full.xml,OK 200 RSS/Atom,Actualizada: última noticia 2026-05-05 (hace 0 días),Francia,GMT+1
LeBigData,https://www.lebigdata.fr/feed,OK 200 RSS/Atom,Actualizada: última noticia 2026-05-05 (hace 0 días),Francia,GMT+1
LeBigData IA,https://www.lebigdata.fr/intelligence-artificielle/feed,OK 200 RSS/Atom,Actualizada: última noticia 2026-05-05 (hace 0 días),Francia,GMT+1
Les Numériques,https://www.lesnumeriques.com/rss.xml,OK 200 RSS/Atom,Actualizada: última noticia 2026-05-05 (hace 0 días),Francia,GMT+1
LinuxFr,https://linuxfr.org/news.atom,OK 200 RSS/Atom,Actualizada: última noticia 2026-05-05 (hace 0 días),Francia,GMT+1
Maddyness,https://www.maddyness.com/feed/,OK 200 RSS/Atom,Actualizada: última noticia 2026-05-05 (hace 0 días),Francia,GMT+1
Next INpact,https://next.ink/feed/,OK 200 RSS/Atom,Actualizada: última noticia 2026-05-05 (hace 0 días),Francia,GMT+1
Numerama,https://www.numerama.com/feed/,OK 200 RSS/Atom,Actualizada: última noticia 2026-05-05 (hace 0 días),Francia,GMT+1
Numerama Cybersecurite,https://www.numerama.com/cyberguerre/feed/,OK 200 RSS/Atom,Actualizada: última noticia 2026-05-04 (hace 1 días),Francia,GMT+1
Numerama Tech,https://www.numerama.com/tech/feed/,OK 200 RSS/Atom,Actualizada: última noticia 2026-05-05 (hace 0 días),Francia,GMT+1
OVHcloud Blog,https://blog.ovhcloud.com/feed/,OK 200 RSS/Atom,Actualizada: última noticia 2026-04-30 (hace 5 días),Francia,GMT+1
Objetconnecte,https://www.objetconnecte.com/feed/,OK 200 RSS/Atom,Actualizada: última noticia 2026-05-05 (hace 0 días),Francia,GMT+1
Orange Innovation,https://hellofuture.orange.com/en/feed/,OK 200 RSS/Atom,Actualizada: última noticia 2026-04-30 (hace 5 días),Francia,GMT+1
PhonAndroid,https://www.phonandroid.com/feed,Funciona,Actualizada: última noticia 2026-05-05 (hace 0 días),Francia,GMT+1
Presse-Citron,https://www.presse-citron.net/feed/,OK 200 RSS/Atom,Actualizada: última noticia 2026-05-05 (hace 0 días),Francia,GMT+1
Programmez,https://www.programmez.com/rss.xml,OK 200 RSS/Atom,Actualizada: última noticia 2026-05-05 (hace 0 días),Francia,GMT+1
Qonto Engineering,https://medium.com/feed/qonto-way,OK 200 RSS/Atom,Actualizada: última noticia 2026-05-04 (hace 1 días),Francia,GMT+1
RFI Science Technology,https://www.rfi.fr/en/science-technology/rss,OK 200 RSS/Atom,Poco Actualizada: última noticia 2026-04-24 (hace 11 días),Francia,GMT+1
Scaleway Blog,https://www.scaleway.com/en/blog/rss.xml,OK 200 RSS/Atom,Actualizada: última noticia 2026-05-04 (hace 1 días),Francia,GMT+1
Silicon France,https://www.silicon.fr/feed,OK 200 RSS/Atom,Actualizada: última noticia 2026-05-05 (hace 0 días),Francia,GMT+1
Siècle Digital,https://siecledigital.fr/feed/,OK 200 RSS/Atom,Actualizada: última noticia 2026-05-05 (hace 0 días),Francia,GMT+1
Siècle Digital Tech,https://siecledigital.fr/category/technologie/feed/,OK 200 RSS/Atom,Actualizada: última noticia 2026-05-05 (hace 0 días),Francia,GMT+1
Tech Me Up,https://www.techmeup.fr/feed/,OK 200 RSS/Atom,Actualizada: última noticia 2026-05-05 (hace 0 días),Francia,GMT+1
Tom’s Guide France,https://www.tomsguide.fr/feed/,OK 200 RSS/Atom,Actualizada: última noticia 2026-05-05 (hace 0 días),Francia,GMT+1
ZATAZ,https://www.zataz.com/feed/,OK 200 RSS/Atom,Actualizada: última noticia 2026-05-05 (hace 0 días),Francia,GMT+1
ZDNet France,https://www.zdnet.fr/feed/,OK 200 RSS/Atom,Actualizada: última noticia 2026-05-05 (hace 0 días),Francia,GMT+1
iPhon.fr,https://www.iphon.fr/feed,OK 200 RSS/Atom,Actualizada: última noticia 2026-05-05 (hace 0 días),Francia,GMT+1
viact,https://www.viact.ai/blog-feed.xml,OK 200 RSS/Atom (0.18s),Poco Actualizada: última noticia 2026-04-27 (hace 8 días),Hong Kong,GMT+8
Analytics Vidhya,https://www.analyticsvidhya.com/feed/,OK 200 RSS/Atom,Actualizada: última noticia 2026-05-05 (hace 0 días),India,GMT+5:30
Analytics Vidhya AI,https://www.analyticsvidhya.com/blog/category/artificial-intelligence/feed/,OK 200 RSS/Atom,Actualizada: última noticia 2026-05-04 (hace 1 días),India,GMT+5:30
Analytics Vidhya ML,https://www.analyticsvidhya.com/blog/category/machine-learning/feed/,OK 200 RSS/Atom,Actualizada: última noticia 2026-05-04 (hace 1 días),India,GMT+5:30
Beebom,https://beebom.com/feed/,OK 200 RSS/Atom,Actualizada: última noticia 2026-05-05 (hace 0 días),India,GMT+5:30
BrowserStack Blog,https://www.browserstack.com/blog/feed/,OK 200 RSS/Atom,Actualizada: última noticia 2026-04-29 (hace 6 días),India,GMT+5:30
BusinessLine InfoTech,https://www.thehindubusinessline.com/info-tech/feeder/default.rss,Funciona,Actualizada: última noticia 2026-05-05 (hace 0 días),India,GMT+5:30
Chargebee Blog,https://www.chargebee.com/blog/feed/,OK 200 RSS/Atom,Poco Actualizada: última noticia 2026-04-14 (hace 21 días),India,GMT+5:30
ET CIO,https://cio.economictimes.indiatimes.com/rss/topstories,OK 200 RSS/Atom,Actualizada: última noticia 2026-05-05 (hace 0 días),India,GMT+5:30
ET CIO Cloud,https://cio.economictimes.indiatimes.com/rss/cloud-computing,OK 200 RSS/Atom,Actualizada: última noticia 2026-05-04 (hace 1 días),India,GMT+5:30
ET Telecom,https://telecom.economictimes.indiatimes.com/rss/topstories,OK 200 RSS/Atom,Actualizada: última noticia 2026-05-05 (hace 0 días),India,GMT+5:30
Express Computer,https://www.expresscomputer.in/feed/,OK 200 RSS/Atom,Actualizada: última noticia 2026-05-05 (hace 0 días),India,GMT+5:30
Fossbytes,https://fossbytes.com/feed/,OK 200 RSS/Atom,Actualizada: última noticia 2026-05-05 (hace 0 días),India,GMT+5:30
Fossbytes News,https://fossbytes.com/category/news/feed/,OK 200 RSS/Atom,Actualizada: última noticia 2026-05-05 (hace 0 días),India,GMT+5:30
Hindustan Times Tech,https://www.hindustantimes.com/feeds/rss/technology/rssfeed.xml,OK 200 RSS/Atom,Actualizada: última noticia 2026-05-05 (hace 0 días),India,GMT+5:30
IIIT Hyderabad News,https://www.iiit.ac.in/feed/,OK 200 RSS/Atom,Actualizada: última noticia 2026-05-05 (hace 0 días),India,GMT+5:30
Inc42,https://inc42.com/feed/,OK 200 RSS/Atom,Actualizada: última noticia 2026-05-05 (hace 0 días),India,GMT+5:30
Inc42 Startups,https://inc42.com/startups/feed/,OK 200 RSS/Atom,Actualizada: última noticia 2026-05-03 (hace 2 días),India,GMT+5:30
India Technology News,https://indiatechnologynews.in/feed/,OK 200 RSS/Atom,Actualizada: última noticia 2026-05-05 (hace 0 días),India,GMT+5:30
India Today Technology,https://www.indiatoday.in/rss/1206514,OK 200 RSS/Atom,Actualizada: última noticia 2026-05-01 (hace 4 días),India,GMT+5:30
IndianWeb2,https://www.indianweb2.com/feeds/posts/default,OK 200 RSS/Atom,Actualizada: última noticia 2026-05-05 (hace 0 días),India,GMT+5:30
KDnuggets India,https://www.kdnuggets.com/feed,OK 200 RSS/Atom,Actualizada: última noticia 2026-05-05 (hace 0 días),India,GMT+5:30
Medianama,https://www.medianama.com/feed/,OK 200 RSS/Atom,Actualizada: última noticia 2026-05-05 (hace 0 días),India,GMT+5:30
Medianama AI,https://www.medianama.com/tag/artificial-intelligence/feed/,Funciona,Actualizada: última noticia 2026-05-05 (hace 0 días),India,GMT+5:30
NITI Aayog Tech,https://www.niti.gov.in/rss.xml,OK 200 RSS/Atom,Actualizada: última noticia 2026-05-05 (hace 0 días),India,GMT+5:30
NextBigWhat,https://nextbigwhat.com/feed/,OK 200 RSS/Atom,Actualizada: última noticia 2026-05-05 (hace 0 días),India,GMT+5:30
OfficeChai,https://officechai.com/feed/,OK 200 RSS/Atom,Actualizada: última noticia 2026-05-05 (hace 0 días),India,GMT+5:30
Razorpay Engineering,https://engineering.razorpay.com/feed,OK 200 RSS/Atom,Actualizada: última noticia 2026-04-29 (hace 6 días),India,GMT+5:30
Smartprix Bytes,https://www.smartprix.com/bytes/feed/,OK 200 RSS/Atom,Actualizada: última noticia 2026-05-05 (hace 0 días),India,GMT+5:30
StartupTalky,https://startuptalky.com/feed/,OK 200 RSS/Atom,Actualizada: última noticia 2026-05-05 (hace 0 días),India,GMT+5:30
TechGraph,https://techgraph.co/feed/,OK 200 RSS/Atom,Actualizada: última noticia 2026-05-04 (hace 1 días),India,GMT+5:30
Technology Personalized,https://techpp.com/feed/,OK 200 RSS/Atom,Actualizada: última noticia 2026-05-05 (hace 0 días),India,GMT+5:30
The Hindu Sci-Tech,https://www.thehindu.com/sci-tech/feeder/default.rss,Funciona,Actualizada: última noticia 2026-05-05 (hace 0 días),India,GMT+5:30
The Ken,https://the-ken.com/feed/,OK 200 RSS/Atom,Actualizada: última noticia 2026-05-05 (hace 0 días),India,GMT+5:30
YourStory,https://yourstory.com/feed,OK 200 RSS/Atom,Actualizada: última noticia 2026-05-05 (hace 0 días),India,GMT+5:30
YourStory AI,https://yourstory.com/tag/artificial-intelligence/feed,OK 200 RSS/Atom,Poco Actualizada: última noticia 2026-04-27 (hace 8 días),India,GMT+5:30
bigdataanalyticsnews,https://bigdataanalyticsnews.com/category/artificial-intelligence/feed/,OK 200 RSS/Atom (1.16s),Actualizada: última noticia 2026-04-30 (hace 5 días),India,GMT+5:30
cogitotech,https://www.cogitotech.com/feed/,OK 200 RSS/Atom (0.93s),Poco Actualizada: última noticia 2026-04-14 (hace 21 días),India,GMT+5:30
greatlearning,https://www.greatlearning.in/blog/category/artificial-intelligence/feed/,OK 200 RSS/Atom (1.29s),Actualizada: última noticia 2026-04-29 (hace 6 días),India,GMT+5:30
spritle,https://spritle.com/blog/feed,OK 200 RSS/Atom (1.59s),Actualizada: última noticia 2026-04-30 (hace 5 días),India,GMT+5:30
vue,https://vue.ai/blog/feed/,OK 200 RSS/Atom (2.07s),Poco Actualizada: última noticia 2025-06-05 (hace 334 días),India,GMT+5:30
yatter,https://yatter.in/feed/,OK 200 RSS/Atom (0.51s),Poco Actualizada: última noticia 2025-09-22 (hace 225 días),India,GMT+5:30
AI Smiley,https://aismiley.co.jp/ai_news/feed/,OK 200 RSS/Atom,Actualizada: última noticia 2026-05-01 (hace 4 días),Japón,GMT+9
AINOW,https://ainow.ai/feed/,OK 200 RSS/Atom,Actualizada: última noticia 2026-05-05 (hace 0 días),Japón,GMT+9
ASCII.jp,https://ascii.jp/rss.xml,OK 200 RSS/Atom,Actualizada: última noticia 2026-05-05 (hace 0 días),Japón,GMT+9
AV Watch,https://av.watch.impress.co.jp/data/rss/1.0/avw/feed.rdf,OK 200 RSS/Atom,Actualizada: última noticia 2026-05-05 (hace 0 días),Japón,GMT+9
Akiba PC Hotline,https://akiba-pc.watch.impress.co.jp/data/rss/1.0/ah/feed.rdf,Funciona,Actualizada: última noticia 2026-05-05 (hace 0 días),Japón,GMT+9
AppBank,https://www.appbank.net/feed,OK 200 RSS/Atom,Actualizada: última noticia 2026-05-05 (hace 0 días),Japón,GMT+9
CNET Japan,https://japan.cnet.com/rss/index.rdf,OK 200 RSS/Atom,Actualizada: última noticia 2026-05-04 (hace 1 días),Japón,GMT+9
Car Watch,https://car.watch.impress.co.jp/data/rss/1.0/car/feed.rdf,OK 200 RSS/Atom,Actualizada: última noticia 2026-05-05 (hace 0 días),Japón,GMT+9
Classmethod AWS,https://dev.classmethod.jp/tags/aws/feed/,OK 200 RSS/Atom,Actualizada: última noticia 2026-05-05 (hace 0 días),Japón,GMT+9
Classmethod DevelopersIO,https://dev.classmethod.jp/feed/,OK 200 RSS/Atom,Actualizada: última noticia 2026-05-05 (hace 0 días),Japón,GMT+9
CodeZine,https://codezine.jp/rss/new/20/index.xml,OK 200 RSS/Atom,Actualizada: última noticia 2026-05-05 (hace 0 días),Japón,GMT+9
Cookpad Tech Life,https://techlife.cookpad.com/rss,OK 200 RSS/Atom,Poco Actualizada: última noticia 2026-04-17 (hace 18 días),Japón,GMT+9
CyberAgent Developers,https://developers.cyberagent.co.jp/blog/feed/,OK 200 RSS/Atom,Actualizada: última noticia 2026-04-28 (hace 7 días),Japón,GMT+9
Cybozu Developer,https://blog.cybozu.io/rss,OK 200 RSS/Atom,Actualizada: última noticia 2026-04-30 (hace 5 días),Japón,GMT+9
DC Watch,https://dc.watch.impress.co.jp/data/rss/1.0/dcw/feed.rdf,Funciona,Actualizada: última noticia 2026-05-05 (hace 0 días),Japón,GMT+9
DeNA Engineering,https://engineering.dena.com/blog/index.xml,OK 200 RSS/Atom,Poco Actualizada: última noticia 2026-04-23 (hace 12 días),Japón,GMT+9
Drone.jp,https://www.drone.jp/feed,OK 200 RSS/Atom,Actualizada: última noticia 2026-04-28 (hace 7 días),Japón,GMT+9
Findy Tech,https://tech.findy.co.jp/rss,OK 200 RSS/Atom,Actualizada: última noticia 2026-04-30 (hace 5 días),Japón,GMT+9
Forest Watch,https://forest.watch.impress.co.jp/data/rss/1.0/wf/feed.rdf,OK 200 RSS/Atom,Actualizada: última noticia 2026-05-05 (hace 0 días),Japón,GMT+9
GIGAZINE,https://gigazine.net/news/rss_2.0/,OK 200 RSS/Atom,Actualizada: última noticia 2026-05-05 (hace 0 días),Japón,GMT+9
GIGAZINE Software,https://gigazine.net/news/rss_2.0/software/,OK 200 RSS/Atom,Actualizada: última noticia 2026-05-05 (hace 0 días),Japón,GMT+9
Gizmodo Japan,https://www.gizmodo.jp/index.xml,OK 200 RSS/Atom,Actualizada: última noticia 2026-05-05 (hace 0 días),Japón,GMT+9
Hatena Bookmark IT,https://b.hatena.ne.jp/hotentry/it.rss,OK 200 RSS/Atom,Actualizada: última noticia 2026-05-05 (hace 0 días),Japón,GMT+9
Hatena Developer,https://developer.hatenastaff.com/rss,OK 200 RSS/Atom,Poco Actualizada: última noticia 2026-04-27 (hace 8 días),Japón,GMT+9
ITmedia AI Plus,https://rss.itmedia.co.jp/rss/2.0/aiplus.xml,OK 200 RSS/Atom,Actualizada: última noticia 2026-05-04 (hace 1 días),Japón,GMT+9
ITmedia Business Online,https://rss.itmedia.co.jp/rss/2.0/business.xml,Funciona,Actualizada: última noticia 2026-05-05 (hace 0 días),Japón,GMT+9
ITmedia Enterprise,https://rss.itmedia.co.jp/rss/2.0/enterprise.xml,OK 200 RSS/Atom,Actualizada: última noticia 2026-05-04 (hace 1 días),Japón,GMT+9
ITmedia Marketing,https://rss.itmedia.co.jp/rss/2.0/marketing.xml,Funciona,Actualizada: última noticia 2026-04-28 (hace 7 días),Japón,GMT+9
ITmedia Mobile,https://rss.itmedia.co.jp/rss/2.0/mobile.xml,OK 200 RSS/Atom,Actualizada: última noticia 2026-05-05 (hace 0 días),Japón,GMT+9
ITmedia Monoist,https://rss.itmedia.co.jp/rss/2.0/monoist.xml,Funciona,Actualizada: última noticia 2026-05-01 (hace 3 días),Japón,GMT+9
ITmedia PC,https://rss.itmedia.co.jp/rss/2.0/pcuser.xml,OK 200 RSS/Atom,Actualizada: última noticia 2026-05-05 (hace 0 días),Japón,GMT+9
ITmedia Smart Japan,https://rss.itmedia.co.jp/rss/2.0/smartjapan.xml,Funciona,Actualizada: última noticia 2026-04-29 (hace 5 días),Japón,GMT+9
ITmedia Top,https://rss.itmedia.co.jp/rss/2.0/topstory.xml,OK 200 RSS/Atom,Actualizada: última noticia 2026-05-05 (hace 0 días),Japón,GMT+9
Internet Watch,https://internet.watch.impress.co.jp/data/rss/1.0/iw/feed.rdf,OK 200 RSS/Atom,Actualizada: última noticia 2026-05-05 (hace 0 días),Japón,GMT+9
IoT News Japan,https://iotnews.jp/feed/,OK 200 RSS/Atom,Actualizada: última noticia 2026-05-01 (hace 4 días),Japón,GMT+9
Keitai Watch,https://k-tai.watch.impress.co.jp/data/rss/1.0/ktw/feed.rdf,OK 200 RSS/Atom,Actualizada: última noticia 2026-05-04 (hace 1 días),Japón,GMT+9
LINE Engineering JP,https://engineering.linecorp.com/ja/feed/,OK 200 RSS/Atom,Poco Actualizada: última noticia 2026-04-23 (hace 12 días),Japón,GMT+9
LINE Yahoo Tech,https://techblog.lycorp.co.jp/en/feed/index.xml,OK 200 RSS/Atom,Actualizada: última noticia 2026-04-28 (hace 7 días),Japón,GMT+9
LayerX Tech,https://tech.layerx.co.jp/rss,OK 200 RSS/Atom,Actualizada: última noticia 2026-05-01 (hace 4 días),Japón,GMT+9
Lifehacker Japan,https://www.lifehacker.jp/feed/index.xml,OK 200 RSS/Atom,Actualizada: última noticia 2026-05-05 (hace 0 días),Japón,GMT+9
Manga Watch,https://manga.watch.impress.co.jp/data/rss/1.0/mgw/feed.rdf,Funciona,Actualizada: última noticia 2026-05-05 (hace 0 días),Japón,GMT+9
MoguraVR,https://www.moguravr.com/feed/,OK 200 RSS/Atom,Actualizada: última noticia 2026-05-04 (hace 1 días),Japón,GMT+9
Money Forward Developers,https://moneyforward-dev.jp/rss,OK 200 RSS/Atom,Actualizada: última noticia 2026-04-30 (hace 5 días),Japón,GMT+9
Money Forward Developers 2,https://moneyforward-dev.jp/feed,OK 200 RSS/Atom,Actualizada: última noticia 2026-04-30 (hace 5 días),Japón,GMT+9
NTT Research,https://ntt-research.com/feed/,OK 200 RSS/Atom,Actualizada: última noticia 2026-05-04 (hace 1 días),Japón,GMT+9
Nikkei XTech IT,https://xtech.nikkei.com/rss/xtech-it.rdf,Funciona,Actualizada: última noticia 2026-05-04 (hace 0 días),Japón,GMT+9
PC Watch,https://pc.watch.impress.co.jp/data/rss/1.0/pcw/feed.rdf,OK 200 RSS/Atom,Actualizada: última noticia 2026-05-05 (hace 0 días),Japón,GMT+9
PFN Tech Blog JP,https://tech.preferred.jp/ja/blog/feed/,OK 200 RSS/Atom,Poco Actualizada: última noticia 2026-04-17 (hace 18 días),Japón,GMT+9
Publickey,https://www.publickey1.jp/atom.xml,OK 200 RSS/Atom,Poco Actualizada: última noticia 2026-04-26 (hace 9 días),Japón,GMT+9
Qiita AI,https://qiita.com/tags/ai/feed,OK 200 RSS/Atom,Actualizada: última noticia 2026-05-05 (hace 0 días),Japón,GMT+9
Qiita Python,https://qiita.com/tags/python/feed,OK 200 RSS/Atom,Actualizada: última noticia 2026-05-05 (hace 0 días),Japón,GMT+9
RBB TODAY,https://www.rbbtoday.com/rss/index.rdf,OK 200 RSS/Atom,Actualizada: última noticia 2026-05-05 (hace 0 días),Japón,GMT+9
Sansan Builders,https://buildersbox.corp-sansan.com/rss,OK 200 RSS/Atom,Actualizada: última noticia 2026-05-01 (hace 4 días),Japón,GMT+9
Science Japan,https://sj.jst.go.jp/feed/rss.xml,OK 200 RSS/Atom,Actualizada: última noticia 2026-05-01 (hace 4 días),Japón,GMT+9
SmartHR Tech,https://tech.smarthr.jp/rss,OK 200 RSS/Atom,Actualizada: última noticia 2026-05-01 (hace 4 días),Japón,GMT+9
Sony AI Blog,https://ai.sony/blog/rss.xml,OK 200 RSS/Atom,Actualizada: última noticia 2026-04-30 (hace 5 días),Japón,GMT+9
The Bridge,https://feeds.feedburner.com/SdJapan,OK 200 RSS/Atom,Actualizada: última noticia 2026-04-30 (hace 5 días),Japón,GMT+9
Think IT,https://thinkit.co.jp/rss.xml,Funciona,Actualizada: última noticia 2026-05-04 (hace 0 días),Japón,GMT+9
Touch Lab,https://touchlab.jp/feed/,OK 200 RSS/Atom,Actualizada: última noticia 2026-05-04 (hace 1 días),Japón,GMT+9
Travel Watch,https://travel.watch.impress.co.jp/data/rss/1.0/trw/feed.rdf,Funciona,Actualizada: última noticia 2026-05-05 (hace 0 días),Japón,GMT+9
WIRED.jp,https://wired.jp/feed/rss,OK 200 RSS/Atom,Actualizada: última noticia 2026-05-05 (hace 0 días),Japón,GMT+9
Zenn AI,https://zenn.dev/topics/ai/feed,OK 200 RSS/Atom,Actualizada: última noticia 2026-05-05 (hace 0 días),Japón,GMT+9
innovaTopia,https://innovatopia.jp/feed/,OK 200 RSS/Atom,Actualizada: última noticia 2026-05-05 (hace 0 días),Japón,GMT+9
testingcatalog,https://www.testingcatalog.com/rss/,OK 200 RSS/Atom (0.29s),Actualizada: última noticia 2026-05-05 (hace 0 días),Países Bajos,GMT+1
AI News UK,https://www.artificialintelligence-news.com/feed/,OK 200 RSS/Atom,Actualizada: última noticia 2026-05-04 (hace 1 días),Reino Unido,GMT+0
BBC Technology,https://feeds.bbci.co.uk/news/technology/rss.xml,OK 200 RSS/Atom,Actualizada: última noticia 2026-05-05 (hace 0 días),Reino Unido,GMT+0
Bishop Fox Blog,https://bishopfox.com/blog/rss.xml,OK 200 RSS/Atom,Actualizada: última noticia 2026-05-04 (hace 1 días),Reino Unido,GMT+0
Canonical Blog,https://ubuntu.com/blog/feed,OK 200 RSS/Atom,Actualizada: última noticia 2026-05-04 (hace 1 días),Reino Unido,GMT+0
Cloud Computing News,https://www.cloudcomputing-news.net/feed/,Funciona,Actualizada: última noticia 2026-05-05 (hace 0 días),Reino Unido,GMT+0
Cloudflare UK tagged,https://blog.cloudflare.com/tag/uk/rss/,OK 200 RSS/Atom,Actualizada: última noticia 2026-05-01 (hace 4 días),Reino Unido,GMT+0
Computer Weekly,https://www.computerweekly.com/rss/All-Computer-Weekly-content.xml,OK 200 RSS/Atom,Actualizada: última noticia 2026-05-05 (hace 0 días),Reino Unido,GMT+0
Darktrace Blog,https://darktrace.com/blog/rss.xml,OK 200 RSS/Atom,Actualizada: última noticia 2026-05-05 (hace 0 días),Reino Unido,GMT+0
Data Center Dynamics,https://www.datacenterdynamics.com/en/rss/,OK 200 RSS/Atom,Actualizada: última noticia 2026-05-05 (hace 0 días),Reino Unido,GMT+0
DeepMind Blog,https://deepmind.google/blog/rss.xml,OK 200 RSS/Atom,Actualizada: última noticia 2026-04-30 (hace 5 días),Reino Unido,GMT+0
Developer Tech,https://www.developer-tech.com/feed/,Funciona,Actualizada: última noticia 2026-05-04 (hace 0 días),Reino Unido,GMT+0
Electronics Weekly,https://www.electronicsweekly.com/feed/,OK 200 RSS/Atom,Actualizada: última noticia 2026-05-05 (hace 0 días),Reino Unido,GMT+0
Electronics Weekly Embedded,https://www.electronicsweekly.com/news/design/embedded-systems/feed/,OK 200 RSS/Atom,Actualizada: última noticia 2026-05-01 (hace 4 días),Reino Unido,GMT+0
Eurogamer,https://www.eurogamer.net/feed,OK 200 RSS/Atom,Actualizada: última noticia 2026-05-05 (hace 0 días),Reino Unido,GMT+0
GOV.UK Technology,https://technology.blog.gov.uk/feed/,OK 200 RSS/Atom,Poco Actualizada: última noticia 2026-04-17 (hace 18 días),Reino Unido,GMT+0
Graphcore Blog,https://www.graphcore.ai/posts/rss.xml,OK 200 RSS/Atom,Poco Actualizada: última noticia 2026-04-23 (hace 12 días),Reino Unido,GMT+0
Guardian Technology,https://www.theguardian.com/uk/technology/rss,OK 200 RSS/Atom,Actualizada: última noticia 2026-05-05 (hace 0 días),Reino Unido,GMT+0
ITPro,https://www.itpro.com/rss,OK 200 RSS/Atom,Actualizada: última noticia 2026-05-05 (hace 0 días),Reino Unido,GMT+0
ITPro Cloud,https://www.itpro.com/cloud/rss,Funciona,Actualizada: última noticia 2026-05-05 (hace 0 días),Reino Unido,GMT+0
Independent Tech,https://www.independent.co.uk/tech/rss,OK 200 RSS/Atom,Actualizada: última noticia 2026-05-05 (hace 0 días),Reino Unido,GMT+0
Information Age,https://www.information-age.com/feed,OK 200 RSS/Atom,Actualizada: última noticia 2026-05-01 (hace 4 días),Reino Unido,GMT+0
Information Age AI,https://www.information-age.com/tag/artificial-intelligence/feed/,OK 200 RSS/Atom,Actualizada: última noticia 2026-05-01 (hace 4 días),Reino Unido,GMT+0
IoT Tech News,https://www.iottechnews.com/feed/,Funciona,Actualizada: última noticia 2026-05-01 (hace 3 días),Reino Unido,GMT+0
JetBrains Blog,https://blog.jetbrains.com/feed/,OK 200 RSS/Atom,Actualizada: última noticia 2026-05-05 (hace 0 días),Reino Unido,GMT+0
Martin Fowler bliki,https://martinfowler.com/bliki/bliki.atom,OK 200 RSS/Atom,Actualizada: última noticia 2026-05-05 (hace 0 días),Reino Unido,GMT+0
Mighty Gadget,https://mightygadget.co.uk/feed/,OK 200 RSS/Atom,Poco Actualizada: última noticia 2026-04-22 (hace 13 días),Reino Unido,GMT+0
Mobile News,https://mobilenewscwp.co.uk/feed/,OK 200 RSS/Atom,Actualizada: última noticia 2026-05-05 (hace 0 días),Reino Unido,GMT+0
National Cyber Security Centre,https://www.ncsc.gov.uk/api/1/services/v1/news-rss-feed.xml,OK 200 RSS/Atom,Poco Actualizada: última noticia 2026-04-23 (hace 12 días),Reino Unido,GMT+0
New Scientist Technology,https://www.newscientist.com/subject/technology/feed/,OK 200 RSS/Atom,Actualizada: última noticia 2026-05-05 (hace 0 días),Reino Unido,GMT+0
PCR Online,https://pcr-online.biz/feed/,OK 200 RSS/Atom,Actualizada: última noticia 2026-05-01 (hace 4 días),Reino Unido,GMT+0
Pocket-lint,https://www.pocket-lint.com/feed/,OK 200 RSS/Atom,Actualizada: última noticia 2026-05-05 (hace 0 días),Reino Unido,GMT+0
Raspberry Pi News,https://www.raspberrypi.com/news/feed/,OK 200 RSS/Atom,Actualizada: última noticia 2026-04-30 (hace 5 días),Reino Unido,GMT+0
Redgate Simple Talk,https://www.red-gate.com/simple-talk/feed/,OK 200 RSS/Atom,Actualizada: última noticia 2026-05-05 (hace 0 días),Reino Unido,GMT+0
Sifted UK Startups,https://sifted.eu/feed,OK 200 RSS/Atom,Actualizada: última noticia 2026-05-05 (hace 0 días),Reino Unido,GMT+0
Silicon Republic,https://www.siliconrepublic.com/feed,OK 200 RSS/Atom,Actualizada: última noticia 2026-05-05 (hace 0 días),Reino Unido,GMT+0
Sky News Technology,https://feeds.skynews.com/feeds/rss/technology.xml,OK 200 RSS/Atom,Actualizada: última noticia 2026-05-05 (hace 0 días),Reino Unido,GMT+0
Snyk Blog,https://snyk.io/blog/feed/,OK 200 RSS/Atom,Actualizada: última noticia 2026-04-30 (hace 5 días),Reino Unido,GMT+0
T3,https://www.t3.com/rss,OK 200 RSS/Atom,Actualizada: última noticia 2026-05-05 (hace 0 días),Reino Unido,GMT+0
Tech Advisor,https://www.techadvisor.com/feed,Funciona,Actualizada: última noticia 2026-05-05 (hace 0 días),Reino Unido,GMT+0
Tech Digest,https://www.techdigest.tv/feed,OK 200 RSS/Atom,Actualizada: última noticia 2026-05-05 (hace 0 días),Reino Unido,GMT+0
TechHQ,https://techhq.com/feed/,OK 200 RSS/Atom,Actualizada: última noticia 2026-05-05 (hace 0 días),Reino Unido,GMT+0
TechRadar,https://www.techradar.com/rss,OK 200 RSS/Atom,Actualizada: última noticia 2026-05-05 (hace 0 días),Reino Unido,GMT+0
TechRadar News,https://www.techradar.com/news/rss,Funciona,Actualizada: última noticia 2026-05-05 (hace 0 días),Reino Unido,GMT+0
TechRadar Pro,https://www.techradar.com/pro/rss,Funciona,Actualizada: última noticia 2026-05-05 (hace 0 días),Reino Unido,GMT+0
TechRound,https://techround.co.uk/feed/,OK 200 RSS/Atom,Actualizada: última noticia 2026-05-05 (hace 0 días),Reino Unido,GMT+0
The AI Journal,https://aijourn.com/feed/,OK 200 RSS/Atom,Actualizada: última noticia 2026-05-05 (hace 0 días),Reino Unido,GMT+0
The Register Security,https://www.theregister.com/security/headlines.atom,OK 200 RSS/Atom,Actualizada: última noticia 2026-05-05 (hace 0 días),Reino Unido,GMT+0
The Register Software,https://www.theregister.com/software/headlines.atom,OK 200 RSS/Atom,Actualizada: última noticia 2026-05-05 (hace 0 días),Reino Unido,GMT+0
The Stack,https://www.thestack.technology/feed/,OK 200 RSS/Atom,Actualizada: última noticia 2026-05-05 (hace 0 días),Reino Unido,GMT+0
Trusted Reviews,https://www.trustedreviews.com/feed,OK 200 RSS/Atom,Actualizada: última noticia 2026-05-05 (hace 0 días),Reino Unido,GMT+0
Trusted Reviews News,https://www.trustedreviews.com/news/feed,OK 200 RSS/Atom,Actualizada: última noticia 2026-05-05 (hace 0 días),Reino Unido,GMT+0
UK Tech Blog,https://tech.clickdo.co.uk/feed/,OK 200 RSS/Atom,Poco Actualizada: última noticia 2026-04-24 (hace 11 días),Reino Unido,GMT+0
UKTN Fintech,https://www.uktech.news/fintech/feed,Funciona,Actualizada: última noticia 2026-05-01 (hace 3 días),Reino Unido,GMT+0
UKTech News,https://www.uktech.news/feed,OK 200 RSS/Atom,Actualizada: última noticia 2026-05-05 (hace 0 días),Reino Unido,GMT+0
UKTech News AI,https://www.uktech.news/ai/feed,OK 200 RSS/Atom,Actualizada: última noticia 2026-05-01 (hace 4 días),Reino Unido,GMT+0
Verdict Tech,https://www.verdict.co.uk/feed/,OK 200 RSS/Atom,Actualizada: última noticia 2026-05-05 (hace 0 días),Reino Unido,GMT+0
What Hi-Fi,https://www.whathifi.com/rss,OK 200 RSS/Atom,Actualizada: última noticia 2026-05-05 (hace 0 días),Reino Unido,GMT+0
aihub,https://aihub.org/feed/?cat=-473,OK 200 RSS/Atom (3.3s),Actualizada: última noticia 2026-05-05 (hace 0 días),Reino Unido,GMT+0
artificiallawyer,https://www.artificiallawyer.com/feed/,OK 200 RSS/Atom (0.38s),Actualizada: última noticia 2026-05-05 (hace 0 días),Reino Unido,GMT+0
dailyai,https://dailyai.com/feed/,OK 200 RSS/Atom (0.48s),Poco Actualizada: última noticia 2025-05-12 (hace 358 días),Reino Unido,GMT+0
deepmind,https://deepmind.com/blog/rss.xml,OK 200 RSS/Atom (0.68s),Actualizada: última noticia 2026-04-30 (hace 5 días),Reino Unido,GMT+0
AsiaTechDaily,https://www.asiatechdaily.com/feed/,Funciona,Actualizada: última noticia 2026-05-04 (hace 0 días),Singapur,GMT+8
AsiaTechDaily AI,https://www.asiatechdaily.com/category/artificial-intelligence/feed/,Funciona,Actualizada: última noticia 2026-05-04 (hace 0 días),Singapur,GMT+8
Fintech News SG Blockchain,https://fintechnews.sg/blockchain/feed/,OK 200 RSS/Atom,Actualizada: última noticia 2026-04-28 (hace 7 días),Singapur,GMT+8
Fintech News SG Payments,https://fintechnews.sg/payments/feed/,OK 200 RSS/Atom,Actualizada: última noticia 2026-05-04 (hace 1 días),Singapur,GMT+8
Fintech News Singapore,https://fintechnews.sg/feed/,OK 200 RSS/Atom,Actualizada: última noticia 2026-05-05 (hace 0 días),Singapur,GMT+8
Grab Engineering,https://engineering.grab.com/feed.xml,OK 200 RSS/Atom,Actualizada: última noticia 2026-04-30 (hace 5 días),Singapur,GMT+8
IBTimes SG Tech,https://www.ibtimes.sg/rss/technology,OK 200 RSS/Atom,Actualizada: última noticia 2026-05-05 (hace 0 días),Singapur,GMT+8
Little Big Red Dot,https://littlebigreddot.com/feed/,OK 200 RSS/Atom,Actualizada: última noticia 2026-05-05 (hace 0 días),Singapur,GMT+8
Music Photo Life,https://musicphotolife.com/feed/,OK 200 RSS/Atom,Actualizada: última noticia 2026-05-03 (hace 2 días),Singapur,GMT+8
NUS News Tech,https://news.nus.edu.sg/feed/,OK 200 RSS/Atom,Actualizada: última noticia 2026-05-04 (hace 1 días),Singapur,GMT+8
NXT Magazine,https://www.nxtmag.tech/feed/,OK 200 RSS/Atom,Actualizada: última noticia 2026-05-05 (hace 0 días),Singapur,GMT+8
OpenGov Asia,https://opengovasia.com/feed/,OK 200 RSS/Atom,Actualizada: última noticia 2026-05-05 (hace 0 días),Singapur,GMT+8
OpenGov Asia,https://www.opengovasia.com/feed/,Funciona,Actualizada: última noticia 2026-05-05 (hace 0 días),Singapur,GMT+8
SMU News,https://news.smu.edu.sg/rss.xml,OK 200 RSS/Atom,Actualizada: última noticia 2026-04-28 (hace 7 días),Singapur,GMT+8
Shopee Blog,https://shopee.sg/blog/feed/,OK 200 RSS/Atom,Poco Actualizada: última noticia 2026-04-27 (hace 8 días),Singapur,GMT+8
Tech Collective,https://techcollectivesea.com/feed/,OK 200 RSS/Atom,Actualizada: última noticia 2026-05-05 (hace 0 días),Singapur,GMT+8
TechNode Global Singapore,https://technode.global/tag/singapore/feed/,OK 200 RSS/Atom,Actualizada: última noticia 2026-05-05 (hace 0 días),Singapur,GMT+8
Techgoondu,https://www.techgoondu.com/feed/,OK 200 RSS/Atom,Actualizada: última noticia 2026-05-05 (hace 0 días),Singapur,GMT+8
Techgoondu Enterprise,https://www.techgoondu.com/category/enterprise/feed/,Funciona,Actualizada: última noticia 2026-05-05 (hace 0 días),Singapur,GMT+8
Techgoondu Internet,https://www.techgoondu.com/category/internet/feed/,Funciona,Actualizada: última noticia 2026-04-30 (hace 4 días),Singapur,GMT+8
Techgoondu Phones,https://www.techgoondu.com/category/mobile/feed/,OK 200 RSS/Atom,Actualizada: última noticia 2026-05-02 (hace 3 días),Singapur,GMT+8
TechieLobang,https://techielobang.com/blog/feed/,OK 200 RSS/Atom,Poco Actualizada: última noticia 2026-04-26 (hace 9 días),Singapur,GMT+8
Vulcan Post,https://vulcanpost.com/feed/,OK 200 RSS/Atom,Actualizada: última noticia 2026-05-05 (hace 0 días),Singapur,GMT+8
Vulcan Post News,https://vulcanpost.com/category/news/feed,Funciona,Actualizada: última noticia 2026-05-04 (hace 0 días),Singapur,GMT+8
Vulcan Post Startups,https://vulcanpost.com/category/startups/feed/,OK 200 RSS/Atom,Poco Actualizada: última noticia 2026-04-07 (hace 28 días),Singapur,GMT+8
nyheter,https://nyheter.aitool.se/feed/,OK 200 RSS/Atom (3.13s),Poco Actualizada: última noticia 2026-01-22 (hace 103 días),Suecia,GMT+1
qudata,https://qudata.com/en/news/rss.xml,OK 200 RSS/Atom (0.41s),Actualizada: última noticia 2026-04-30 (hace 5 días),Ucrania,GMT+2
